target_gene	hgnc_symbol	hgnc_id	entrez_id	ensembl_gene_id	mapping_basis	hgnc_snapshot_sha256	hgnc_snapshot_retrieved
AIM2	AIM2	HGNC:357	9447	ENSG00000163568	current_symbol	8883dea5fb60ce9a87cef179b941b21c22098571f1ea17037ef92b91efb74fa6	2026-08-14
ARL4C	ARL4C	HGNC:698	10123	ENSG00000188042	current_symbol	8883dea5fb60ce9a87cef179b941b21c22098571f1ea17037ef92b91efb74fa6	2026-08-14
AURKA	AURKA	HGNC:11393	6790	ENSG00000087586	current_symbol	8883dea5fb60ce9a87cef179b941b21c22098571f1ea17037ef92b91efb74fa6	2026-08-14
AURKB	AURKB	HGNC:11390	9212	ENSG00000178999	current_symbol	8883dea5fb60ce9a87cef179b941b21c22098571f1ea17037ef92b91efb74fa6	2026-08-14
B2M	B2M	HGNC:914	567	ENSG00000166710	current_symbol	8883dea5fb60ce9a87cef179b941b21c22098571f1ea17037ef92b91efb74fa6	2026-08-14
BAK1	BAK1	HGNC:949	578	ENSG00000030110	current_symbol	8883dea5fb60ce9a87cef179b941b21c22098571f1ea17037ef92b91efb74fa6	2026-08-14
BAX	BAX	HGNC:959	581	ENSG00000087088	current_symbol	8883dea5fb60ce9a87cef179b941b21c22098571f1ea17037ef92b91efb74fa6	2026-08-14
BBC3	BBC3	HGNC:17868	27113	ENSG00000105327	current_symbol	8883dea5fb60ce9a87cef179b941b21c22098571f1ea17037ef92b91efb74fa6	2026-08-14
BCL11B	BCL11B	HGNC:13222	64919	ENSG00000127152	current_symbol	8883dea5fb60ce9a87cef179b941b21c22098571f1ea17037ef92b91efb74fa6	2026-08-14
BCL2	BCL2	HGNC:990	596	ENSG00000171791	current_symbol	8883dea5fb60ce9a87cef179b941b21c22098571f1ea17037ef92b91efb74fa6	2026-08-14
BCL2L1	BCL2L1	HGNC:992	598	ENSG00000171552	current_symbol	8883dea5fb60ce9a87cef179b941b21c22098571f1ea17037ef92b91efb74fa6	2026-08-14
BID	BID	HGNC:1050	637	ENSG00000015475	current_symbol	8883dea5fb60ce9a87cef179b941b21c22098571f1ea17037ef92b91efb74fa6	2026-08-14
BIN2	BIN2	HGNC:1053	51411	ENSG00000110934	current_symbol	8883dea5fb60ce9a87cef179b941b21c22098571f1ea17037ef92b91efb74fa6	2026-08-14
BIRC3	BIRC3	HGNC:591	330	ENSG00000023445	current_symbol	8883dea5fb60ce9a87cef179b941b21c22098571f1ea17037ef92b91efb74fa6	2026-08-14
BIRC5	BIRC5	HGNC:593	332	ENSG00000089685	current_symbol	8883dea5fb60ce9a87cef179b941b21c22098571f1ea17037ef92b91efb74fa6	2026-08-14
BTG1	BTG1	HGNC:1130	694	ENSG00000133639	current_symbol	8883dea5fb60ce9a87cef179b941b21c22098571f1ea17037ef92b91efb74fa6	2026-08-14
BTLA	BTLA	HGNC:21087	151888	ENSG00000186265	current_symbol	8883dea5fb60ce9a87cef179b941b21c22098571f1ea17037ef92b91efb74fa6	2026-08-14
C10orf54	VSIR	HGNC:30085	64115	ENSG00000107738	previous_symbol	8883dea5fb60ce9a87cef179b941b21c22098571f1ea17037ef92b91efb74fa6	2026-08-14
CASP3	CASP3	HGNC:1504	836	ENSG00000164305	current_symbol	8883dea5fb60ce9a87cef179b941b21c22098571f1ea17037ef92b91efb74fa6	2026-08-14
CASP8	CASP8	HGNC:1509	841	ENSG00000064012	current_symbol	8883dea5fb60ce9a87cef179b941b21c22098571f1ea17037ef92b91efb74fa6	2026-08-14
CCL1	CCL1	HGNC:10609	6346	ENSG00000108702	current_symbol	8883dea5fb60ce9a87cef179b941b21c22098571f1ea17037ef92b91efb74fa6	2026-08-14
CCL2	CCL2	HGNC:10618	6347	ENSG00000108691	current_symbol	8883dea5fb60ce9a87cef179b941b21c22098571f1ea17037ef92b91efb74fa6	2026-08-14
CCL20	CCL20	HGNC:10619	6364	ENSG00000115009	current_symbol	8883dea5fb60ce9a87cef179b941b21c22098571f1ea17037ef92b91efb74fa6	2026-08-14
CCL3	CCL3	HGNC:10627	6348	ENSG00000277632	current_symbol	8883dea5fb60ce9a87cef179b941b21c22098571f1ea17037ef92b91efb74fa6	2026-08-14
CCL4	CCL4	HGNC:10630	6351	ENSG00000275302	current_symbol	8883dea5fb60ce9a87cef179b941b21c22098571f1ea17037ef92b91efb74fa6	2026-08-14
CCNB1	CCNB1	HGNC:1579	891	ENSG00000134057	current_symbol	8883dea5fb60ce9a87cef179b941b21c22098571f1ea17037ef92b91efb74fa6	2026-08-14
CCR1	CCR1	HGNC:1602	1230	ENSG00000163823	current_symbol	8883dea5fb60ce9a87cef179b941b21c22098571f1ea17037ef92b91efb74fa6	2026-08-14
CCR2	CCR2	HGNC:1603	729230	ENSG00000121807	current_symbol	8883dea5fb60ce9a87cef179b941b21c22098571f1ea17037ef92b91efb74fa6	2026-08-14
CCR4	CCR4	HGNC:1605	1233	ENSG00000183813	current_symbol	8883dea5fb60ce9a87cef179b941b21c22098571f1ea17037ef92b91efb74fa6	2026-08-14
CCR5	CCR5	HGNC:1606	1234	ENSG00000160791	current_symbol	8883dea5fb60ce9a87cef179b941b21c22098571f1ea17037ef92b91efb74fa6	2026-08-14
CCR7	CCR7	HGNC:1608	1236	ENSG00000126353	current_symbol	8883dea5fb60ce9a87cef179b941b21c22098571f1ea17037ef92b91efb74fa6	2026-08-14
CCR8	CCR8	HGNC:1609	1237	ENSG00000179934	current_symbol	8883dea5fb60ce9a87cef179b941b21c22098571f1ea17037ef92b91efb74fa6	2026-08-14
CD2	CD2	HGNC:1639	914	ENSG00000116824	current_symbol	8883dea5fb60ce9a87cef179b941b21c22098571f1ea17037ef92b91efb74fa6	2026-08-14
CD244	CD244	HGNC:18171	51744	ENSG00000122223	current_symbol	8883dea5fb60ce9a87cef179b941b21c22098571f1ea17037ef92b91efb74fa6	2026-08-14
CD247	CD247	HGNC:1677	919	ENSG00000198821	current_symbol	8883dea5fb60ce9a87cef179b941b21c22098571f1ea17037ef92b91efb74fa6	2026-08-14
CD27	CD27	HGNC:11922	939	ENSG00000139193	current_symbol	8883dea5fb60ce9a87cef179b941b21c22098571f1ea17037ef92b91efb74fa6	2026-08-14
CD300A	CD300A	HGNC:19319	11314	ENSG00000167851	current_symbol	8883dea5fb60ce9a87cef179b941b21c22098571f1ea17037ef92b91efb74fa6	2026-08-14
CD3D	CD3D	HGNC:1673	915	ENSG00000167286	current_symbol	8883dea5fb60ce9a87cef179b941b21c22098571f1ea17037ef92b91efb74fa6	2026-08-14
CD3E	CD3E	HGNC:1674	916	ENSG00000198851	current_symbol	8883dea5fb60ce9a87cef179b941b21c22098571f1ea17037ef92b91efb74fa6	2026-08-14
CD4	CD4	HGNC:1678	920	ENSG00000010610	current_symbol	8883dea5fb60ce9a87cef179b941b21c22098571f1ea17037ef92b91efb74fa6	2026-08-14
CD40LG	CD40LG	HGNC:11935	959	ENSG00000102245	current_symbol	8883dea5fb60ce9a87cef179b941b21c22098571f1ea17037ef92b91efb74fa6	2026-08-14
CD48	CD48	HGNC:1683	962	ENSG00000117091	current_symbol	8883dea5fb60ce9a87cef179b941b21c22098571f1ea17037ef92b91efb74fa6	2026-08-14
CD5	CD5	HGNC:1685	921	ENSG00000110448	current_symbol	8883dea5fb60ce9a87cef179b941b21c22098571f1ea17037ef92b91efb74fa6	2026-08-14
CD69	CD69	HGNC:1694	969	ENSG00000110848	current_symbol	8883dea5fb60ce9a87cef179b941b21c22098571f1ea17037ef92b91efb74fa6	2026-08-14
CD70	CD70	HGNC:11937	970	ENSG00000125726	current_symbol	8883dea5fb60ce9a87cef179b941b21c22098571f1ea17037ef92b91efb74fa6	2026-08-14
CD8A	CD8A	HGNC:1706	925	ENSG00000153563	current_symbol	8883dea5fb60ce9a87cef179b941b21c22098571f1ea17037ef92b91efb74fa6	2026-08-14
CD8B	CD8B	HGNC:1707	926	ENSG00000172116	current_symbol	8883dea5fb60ce9a87cef179b941b21c22098571f1ea17037ef92b91efb74fa6	2026-08-14
CD9	CD9	HGNC:1709	928	ENSG00000010278	current_symbol	8883dea5fb60ce9a87cef179b941b21c22098571f1ea17037ef92b91efb74fa6	2026-08-14
CHEK1	CHEK1	HGNC:1925	1111	ENSG00000149554	current_symbol	8883dea5fb60ce9a87cef179b941b21c22098571f1ea17037ef92b91efb74fa6	2026-08-14
CHI3L2	CHI3L2	HGNC:1933	1117	ENSG00000064886	current_symbol	8883dea5fb60ce9a87cef179b941b21c22098571f1ea17037ef92b91efb74fa6	2026-08-14
CLEC2D	CLEC2D	HGNC:14351	29121	ENSG00000069493	current_symbol	8883dea5fb60ce9a87cef179b941b21c22098571f1ea17037ef92b91efb74fa6	2026-08-14
CSF2	CSF2	HGNC:2434	1437	ENSG00000164400	current_symbol	8883dea5fb60ce9a87cef179b941b21c22098571f1ea17037ef92b91efb74fa6	2026-08-14
CTSW	CTSW	HGNC:2546	1521	ENSG00000172543	current_symbol	8883dea5fb60ce9a87cef179b941b21c22098571f1ea17037ef92b91efb74fa6	2026-08-14
CX3CR1	CX3CR1	HGNC:2558	1524	ENSG00000168329	current_symbol	8883dea5fb60ce9a87cef179b941b21c22098571f1ea17037ef92b91efb74fa6	2026-08-14
CXCL10	CXCL10	HGNC:10637	3627	ENSG00000169245	current_symbol	8883dea5fb60ce9a87cef179b941b21c22098571f1ea17037ef92b91efb74fa6	2026-08-14
CXCL13	CXCL13	HGNC:10639	10563	ENSG00000156234	current_symbol	8883dea5fb60ce9a87cef179b941b21c22098571f1ea17037ef92b91efb74fa6	2026-08-14
CXCL2	CXCL2	HGNC:4603	2920	ENSG00000081041	current_symbol	8883dea5fb60ce9a87cef179b941b21c22098571f1ea17037ef92b91efb74fa6	2026-08-14
CXCL3	CXCL3	HGNC:4604	2921	ENSG00000163734	current_symbol	8883dea5fb60ce9a87cef179b941b21c22098571f1ea17037ef92b91efb74fa6	2026-08-14
CXCL8	CXCL8	HGNC:6025	3576	ENSG00000169429	current_symbol	8883dea5fb60ce9a87cef179b941b21c22098571f1ea17037ef92b91efb74fa6	2026-08-14
CXCL9	CXCL9	HGNC:7098	4283	ENSG00000138755	current_symbol	8883dea5fb60ce9a87cef179b941b21c22098571f1ea17037ef92b91efb74fa6	2026-08-14
CXCR4	CXCR4	HGNC:2561	7852	ENSG00000121966	current_symbol	8883dea5fb60ce9a87cef179b941b21c22098571f1ea17037ef92b91efb74fa6	2026-08-14
CXCR5	CXCR5	HGNC:1060	643	ENSG00000160683	current_symbol	8883dea5fb60ce9a87cef179b941b21c22098571f1ea17037ef92b91efb74fa6	2026-08-14
CXCR6	CXCR6	HGNC:16647	10663	ENSG00000172215	current_symbol	8883dea5fb60ce9a87cef179b941b21c22098571f1ea17037ef92b91efb74fa6	2026-08-14
CYCS	CYCS	HGNC:19986	54205	ENSG00000172115	current_symbol	8883dea5fb60ce9a87cef179b941b21c22098571f1ea17037ef92b91efb74fa6	2026-08-14
EGR1	EGR1	HGNC:3238	1958	ENSG00000120738	current_symbol	8883dea5fb60ce9a87cef179b941b21c22098571f1ea17037ef92b91efb74fa6	2026-08-14
ENTPD1	ENTPD1	HGNC:3363	953	ENSG00000138185	current_symbol	8883dea5fb60ce9a87cef179b941b21c22098571f1ea17037ef92b91efb74fa6	2026-08-14
EOMES	EOMES	HGNC:3372	8320	ENSG00000163508	current_symbol	8883dea5fb60ce9a87cef179b941b21c22098571f1ea17037ef92b91efb74fa6	2026-08-14
FADD	FADD	HGNC:3573	8772	ENSG00000168040	current_symbol	8883dea5fb60ce9a87cef179b941b21c22098571f1ea17037ef92b91efb74fa6	2026-08-14
FAS	FAS	HGNC:11920	355	ENSG00000026103	current_symbol	8883dea5fb60ce9a87cef179b941b21c22098571f1ea17037ef92b91efb74fa6	2026-08-14
FASLG	FASLG	HGNC:11936	356	ENSG00000117560	current_symbol	8883dea5fb60ce9a87cef179b941b21c22098571f1ea17037ef92b91efb74fa6	2026-08-14
FOS	FOS	HGNC:3796	2353	ENSG00000170345	current_symbol	8883dea5fb60ce9a87cef179b941b21c22098571f1ea17037ef92b91efb74fa6	2026-08-14
FOSB	FOSB	HGNC:3797	2354	ENSG00000125740	current_symbol	8883dea5fb60ce9a87cef179b941b21c22098571f1ea17037ef92b91efb74fa6	2026-08-14
FOXP1	FOXP1	HGNC:3823	27086	ENSG00000114861	current_symbol	8883dea5fb60ce9a87cef179b941b21c22098571f1ea17037ef92b91efb74fa6	2026-08-14
FOXP3	FOXP3	HGNC:6106	50943	ENSG00000049768	current_symbol	8883dea5fb60ce9a87cef179b941b21c22098571f1ea17037ef92b91efb74fa6	2026-08-14
FYB	FYB1	HGNC:4036	2533	ENSG00000082074	previous_symbol	8883dea5fb60ce9a87cef179b941b21c22098571f1ea17037ef92b91efb74fa6	2026-08-14
GAPDH	GAPDH	HGNC:4141	2597	ENSG00000111640	current_symbol	8883dea5fb60ce9a87cef179b941b21c22098571f1ea17037ef92b91efb74fa6	2026-08-14
GATA3	GATA3	HGNC:4172	2625	ENSG00000107485	current_symbol	8883dea5fb60ce9a87cef179b941b21c22098571f1ea17037ef92b91efb74fa6	2026-08-14
GIMAP2	GIMAP2	HGNC:21789	26157	ENSG00000106560	current_symbol	8883dea5fb60ce9a87cef179b941b21c22098571f1ea17037ef92b91efb74fa6	2026-08-14
GIMAP5	GIMAP5	HGNC:18005	55340	ENSG00000196329	current_symbol	8883dea5fb60ce9a87cef179b941b21c22098571f1ea17037ef92b91efb74fa6	2026-08-14
GIMAP7	GIMAP7	HGNC:22404	168537	ENSG00000179144	current_symbol	8883dea5fb60ce9a87cef179b941b21c22098571f1ea17037ef92b91efb74fa6	2026-08-14
GZMA	GZMA	HGNC:4708	3001	ENSG00000145649	current_symbol	8883dea5fb60ce9a87cef179b941b21c22098571f1ea17037ef92b91efb74fa6	2026-08-14
GZMB	GZMB	HGNC:4709	3002	ENSG00000100453	current_symbol	8883dea5fb60ce9a87cef179b941b21c22098571f1ea17037ef92b91efb74fa6	2026-08-14
GZMH	GZMH	HGNC:4710	2999	ENSG00000100450	current_symbol	8883dea5fb60ce9a87cef179b941b21c22098571f1ea17037ef92b91efb74fa6	2026-08-14
GZMK	GZMK	HGNC:4711	3003	ENSG00000113088	current_symbol	8883dea5fb60ce9a87cef179b941b21c22098571f1ea17037ef92b91efb74fa6	2026-08-14
HLA-DMB	HLA-DMB	HGNC:4935	3109	ENSG00000242574	current_symbol	8883dea5fb60ce9a87cef179b941b21c22098571f1ea17037ef92b91efb74fa6	2026-08-14
HLA-DPA1	HLA-DPA1	HGNC:4938	3113	ENSG00000231389	current_symbol	8883dea5fb60ce9a87cef179b941b21c22098571f1ea17037ef92b91efb74fa6	2026-08-14
HLA-DQA1	HLA-DQA1	HGNC:4942	3117	ENSG00000196735	current_symbol	8883dea5fb60ce9a87cef179b941b21c22098571f1ea17037ef92b91efb74fa6	2026-08-14
HLA-DRB3	HLA-DRB3	HGNC:4951	3125	ENSG00000196101	current_symbol	8883dea5fb60ce9a87cef179b941b21c22098571f1ea17037ef92b91efb74fa6	2026-08-14
HMGB2	HMGB2	HGNC:5000	3148	ENSG00000164104	current_symbol	8883dea5fb60ce9a87cef179b941b21c22098571f1ea17037ef92b91efb74fa6	2026-08-14
HMMR	HMMR	HGNC:5012	3161	ENSG00000072571	current_symbol	8883dea5fb60ce9a87cef179b941b21c22098571f1ea17037ef92b91efb74fa6	2026-08-14
ICAM1	ICAM1	HGNC:5344	3383	ENSG00000090339	current_symbol	8883dea5fb60ce9a87cef179b941b21c22098571f1ea17037ef92b91efb74fa6	2026-08-14
ICOS	ICOS	HGNC:5351	29851	ENSG00000163600	current_symbol	8883dea5fb60ce9a87cef179b941b21c22098571f1ea17037ef92b91efb74fa6	2026-08-14
IER3	IER3	HGNC:5392	8870	ENSG00000137331	current_symbol	8883dea5fb60ce9a87cef179b941b21c22098571f1ea17037ef92b91efb74fa6	2026-08-14
IER5	IER5	HGNC:5393	51278	ENSG00000162783	current_symbol	8883dea5fb60ce9a87cef179b941b21c22098571f1ea17037ef92b91efb74fa6	2026-08-14
IFNG	IFNG	HGNC:5438	3458	ENSG00000111537	current_symbol	8883dea5fb60ce9a87cef179b941b21c22098571f1ea17037ef92b91efb74fa6	2026-08-14
IFNGR1	IFNGR1	HGNC:5439	3459	ENSG00000027697	current_symbol	8883dea5fb60ce9a87cef179b941b21c22098571f1ea17037ef92b91efb74fa6	2026-08-14
IKZF2	IKZF2	HGNC:13177	22807	ENSG00000030419	current_symbol	8883dea5fb60ce9a87cef179b941b21c22098571f1ea17037ef92b91efb74fa6	2026-08-14
IL12A	IL12A	HGNC:5969	3592	ENSG00000168811	current_symbol	8883dea5fb60ce9a87cef179b941b21c22098571f1ea17037ef92b91efb74fa6	2026-08-14
IL12RB1	IL12RB1	HGNC:5971	3594	ENSG00000096996	current_symbol	8883dea5fb60ce9a87cef179b941b21c22098571f1ea17037ef92b91efb74fa6	2026-08-14
IL13	IL13	HGNC:5973	3596	ENSG00000169194	current_symbol	8883dea5fb60ce9a87cef179b941b21c22098571f1ea17037ef92b91efb74fa6	2026-08-14
IL18R1	IL18R1	HGNC:5988	8809	ENSG00000115604	current_symbol	8883dea5fb60ce9a87cef179b941b21c22098571f1ea17037ef92b91efb74fa6	2026-08-14
IL18RAP	IL18RAP	HGNC:5989	8807	ENSG00000115607	current_symbol	8883dea5fb60ce9a87cef179b941b21c22098571f1ea17037ef92b91efb74fa6	2026-08-14
IL23R	IL23R	HGNC:19100	149233	ENSG00000162594	current_symbol	8883dea5fb60ce9a87cef179b941b21c22098571f1ea17037ef92b91efb74fa6	2026-08-14
IL2RA	IL2RA	HGNC:6008	3559	ENSG00000134460	current_symbol	8883dea5fb60ce9a87cef179b941b21c22098571f1ea17037ef92b91efb74fa6	2026-08-14
IL2RB	IL2RB	HGNC:6009	3560	ENSG00000100385	current_symbol	8883dea5fb60ce9a87cef179b941b21c22098571f1ea17037ef92b91efb74fa6	2026-08-14
IL5	IL5	HGNC:6016	3567	ENSG00000113525	current_symbol	8883dea5fb60ce9a87cef179b941b21c22098571f1ea17037ef92b91efb74fa6	2026-08-14
IL6	IL6	HGNC:6018	3569	ENSG00000136244	current_symbol	8883dea5fb60ce9a87cef179b941b21c22098571f1ea17037ef92b91efb74fa6	2026-08-14
IL7R	IL7R	HGNC:6024	3575	ENSG00000168685	current_symbol	8883dea5fb60ce9a87cef179b941b21c22098571f1ea17037ef92b91efb74fa6	2026-08-14
IL9	IL9	HGNC:6029	3578	ENSG00000145839	current_symbol	8883dea5fb60ce9a87cef179b941b21c22098571f1ea17037ef92b91efb74fa6	2026-08-14
IL9R	IL9R	HGNC:6030	3581	ENSG00000124334	current_symbol	8883dea5fb60ce9a87cef179b941b21c22098571f1ea17037ef92b91efb74fa6	2026-08-14
IRF1	IRF1	HGNC:6116	3659	ENSG00000125347	current_symbol	8883dea5fb60ce9a87cef179b941b21c22098571f1ea17037ef92b91efb74fa6	2026-08-14
ITGAE	ITGAE	HGNC:6147	3682	ENSG00000083457	current_symbol	8883dea5fb60ce9a87cef179b941b21c22098571f1ea17037ef92b91efb74fa6	2026-08-14
JUN	JUN	HGNC:6204	3725	ENSG00000177606	current_symbol	8883dea5fb60ce9a87cef179b941b21c22098571f1ea17037ef92b91efb74fa6	2026-08-14
JUNB	JUNB	HGNC:6205	3726	ENSG00000171223	current_symbol	8883dea5fb60ce9a87cef179b941b21c22098571f1ea17037ef92b91efb74fa6	2026-08-14
KLRB1	KLRB1	HGNC:6373	3820	ENSG00000111796	current_symbol	8883dea5fb60ce9a87cef179b941b21c22098571f1ea17037ef92b91efb74fa6	2026-08-14
KLRC1	KLRC1	HGNC:6374	3821	ENSG00000134545	current_symbol	8883dea5fb60ce9a87cef179b941b21c22098571f1ea17037ef92b91efb74fa6	2026-08-14
KLRC3	KLRC3	HGNC:6376	3823	ENSG00000205810	current_symbol	8883dea5fb60ce9a87cef179b941b21c22098571f1ea17037ef92b91efb74fa6	2026-08-14
KLRG1	KLRG1	HGNC:6380	10219	ENSG00000139187	current_symbol	8883dea5fb60ce9a87cef179b941b21c22098571f1ea17037ef92b91efb74fa6	2026-08-14
KLRK1	KLRK1	HGNC:18788	22914	ENSG00000213809	current_symbol	8883dea5fb60ce9a87cef179b941b21c22098571f1ea17037ef92b91efb74fa6	2026-08-14
LAG3	LAG3	HGNC:6476	3902	ENSG00000089692	current_symbol	8883dea5fb60ce9a87cef179b941b21c22098571f1ea17037ef92b91efb74fa6	2026-08-14
LAIR2	LAIR2	HGNC:6478	3904	ENSG00000167618	current_symbol	8883dea5fb60ce9a87cef179b941b21c22098571f1ea17037ef92b91efb74fa6	2026-08-14
LAP3	LAP3	HGNC:18449	51056	ENSG00000002549	current_symbol	8883dea5fb60ce9a87cef179b941b21c22098571f1ea17037ef92b91efb74fa6	2026-08-14
LAT	LAT	HGNC:18874	27040	ENSG00000213658	current_symbol	8883dea5fb60ce9a87cef179b941b21c22098571f1ea17037ef92b91efb74fa6	2026-08-14
LAT2	LAT2	HGNC:12749	7462	ENSG00000086730	current_symbol	8883dea5fb60ce9a87cef179b941b21c22098571f1ea17037ef92b91efb74fa6	2026-08-14
LEF1	LEF1	HGNC:6551	51176	ENSG00000138795	current_symbol	8883dea5fb60ce9a87cef179b941b21c22098571f1ea17037ef92b91efb74fa6	2026-08-14
LGALS3	LGALS3	HGNC:6563	3958	ENSG00000131981	current_symbol	8883dea5fb60ce9a87cef179b941b21c22098571f1ea17037ef92b91efb74fa6	2026-08-14
LIF	LIF	HGNC:6596	3976	ENSG00000128342	current_symbol	8883dea5fb60ce9a87cef179b941b21c22098571f1ea17037ef92b91efb74fa6	2026-08-14
LTA	LTA	HGNC:6709	4049	ENSG00000226979	current_symbol	8883dea5fb60ce9a87cef179b941b21c22098571f1ea17037ef92b91efb74fa6	2026-08-14
LTB	LTB	HGNC:6711	4050	ENSG00000227507	current_symbol	8883dea5fb60ce9a87cef179b941b21c22098571f1ea17037ef92b91efb74fa6	2026-08-14
MCL1	MCL1	HGNC:6943	4170	ENSG00000143384	current_symbol	8883dea5fb60ce9a87cef179b941b21c22098571f1ea17037ef92b91efb74fa6	2026-08-14
MKI67	MKI67	HGNC:7107	4288	ENSG00000148773	current_symbol	8883dea5fb60ce9a87cef179b941b21c22098571f1ea17037ef92b91efb74fa6	2026-08-14
NAMPT	NAMPT	HGNC:30092	10135	ENSG00000105835	current_symbol	8883dea5fb60ce9a87cef179b941b21c22098571f1ea17037ef92b91efb74fa6	2026-08-14
NCR3	NCR3	HGNC:19077	259197	ENSG00000204475	current_symbol	8883dea5fb60ce9a87cef179b941b21c22098571f1ea17037ef92b91efb74fa6	2026-08-14
NFKB2	NFKB2	HGNC:7795	4791	ENSG00000077150	current_symbol	8883dea5fb60ce9a87cef179b941b21c22098571f1ea17037ef92b91efb74fa6	2026-08-14
NFKBIA	NFKBIA	HGNC:7797	4792	ENSG00000100906	current_symbol	8883dea5fb60ce9a87cef179b941b21c22098571f1ea17037ef92b91efb74fa6	2026-08-14
NKG7	NKG7	HGNC:7830	4818	ENSG00000105374	current_symbol	8883dea5fb60ce9a87cef179b941b21c22098571f1ea17037ef92b91efb74fa6	2026-08-14
NT5E	NT5E	HGNC:8021	4907	ENSG00000135318	current_symbol	8883dea5fb60ce9a87cef179b941b21c22098571f1ea17037ef92b91efb74fa6	2026-08-14
PARP1	PARP1	HGNC:270	142	ENSG00000143799	current_symbol	8883dea5fb60ce9a87cef179b941b21c22098571f1ea17037ef92b91efb74fa6	2026-08-14
PASK	PASK	HGNC:17270	23178	ENSG00000115687	current_symbol	8883dea5fb60ce9a87cef179b941b21c22098571f1ea17037ef92b91efb74fa6	2026-08-14
PECAM1	PECAM1	HGNC:8823	5175	ENSG00000261371	current_symbol	8883dea5fb60ce9a87cef179b941b21c22098571f1ea17037ef92b91efb74fa6	2026-08-14
PIK3IP1	PIK3IP1	HGNC:24942	113791	ENSG00000100100	current_symbol	8883dea5fb60ce9a87cef179b941b21c22098571f1ea17037ef92b91efb74fa6	2026-08-14
PLK1	PLK1	HGNC:9077	5347	ENSG00000166851	current_symbol	8883dea5fb60ce9a87cef179b941b21c22098571f1ea17037ef92b91efb74fa6	2026-08-14
PMAIP1	PMAIP1	HGNC:9108	5366	ENSG00000141682	current_symbol	8883dea5fb60ce9a87cef179b941b21c22098571f1ea17037ef92b91efb74fa6	2026-08-14
PMCH	PMCH	HGNC:9109	5367	ENSG00000183395	current_symbol	8883dea5fb60ce9a87cef179b941b21c22098571f1ea17037ef92b91efb74fa6	2026-08-14
PRF1	PRF1	HGNC:9360	5551	ENSG00000180644	current_symbol	8883dea5fb60ce9a87cef179b941b21c22098571f1ea17037ef92b91efb74fa6	2026-08-14
PTGS2	PTGS2	HGNC:9605	5743	ENSG00000073756	current_symbol	8883dea5fb60ce9a87cef179b941b21c22098571f1ea17037ef92b91efb74fa6	2026-08-14
PTTG2	PTTG2	HGNC:9691	10744	ENSG00000250254	current_symbol	8883dea5fb60ce9a87cef179b941b21c22098571f1ea17037ef92b91efb74fa6	2026-08-14
PYCR1	PYCR1	HGNC:9721	5831	ENSG00000183010	current_symbol	8883dea5fb60ce9a87cef179b941b21c22098571f1ea17037ef92b91efb74fa6	2026-08-14
RELB	RELB	HGNC:9956	5971	ENSG00000104856	current_symbol	8883dea5fb60ce9a87cef179b941b21c22098571f1ea17037ef92b91efb74fa6	2026-08-14
S1PR1	S1PR1	HGNC:3165	1901	ENSG00000170989	current_symbol	8883dea5fb60ce9a87cef179b941b21c22098571f1ea17037ef92b91efb74fa6	2026-08-14
SELL	SELL	HGNC:10720	6402	ENSG00000188404	current_symbol	8883dea5fb60ce9a87cef179b941b21c22098571f1ea17037ef92b91efb74fa6	2026-08-14
SPOCK2	SPOCK2	HGNC:13564	9806	ENSG00000107742	current_symbol	8883dea5fb60ce9a87cef179b941b21c22098571f1ea17037ef92b91efb74fa6	2026-08-14
STAT1	STAT1	HGNC:11362	6772	ENSG00000115415	current_symbol	8883dea5fb60ce9a87cef179b941b21c22098571f1ea17037ef92b91efb74fa6	2026-08-14
STAT3	STAT3	HGNC:11364	6774	ENSG00000168610	current_symbol	8883dea5fb60ce9a87cef179b941b21c22098571f1ea17037ef92b91efb74fa6	2026-08-14
STAT6	STAT6	HGNC:11368	6778	ENSG00000166888	current_symbol	8883dea5fb60ce9a87cef179b941b21c22098571f1ea17037ef92b91efb74fa6	2026-08-14
TARP-refseq					unresolved_custom_label	8883dea5fb60ce9a87cef179b941b21c22098571f1ea17037ef92b91efb74fa6	2026-08-14
TCF7	TCF7	HGNC:11639	6932	ENSG00000081059	current_symbol	8883dea5fb60ce9a87cef179b941b21c22098571f1ea17037ef92b91efb74fa6	2026-08-14
TK1	TK1	HGNC:11830	7083	ENSG00000167900	current_symbol	8883dea5fb60ce9a87cef179b941b21c22098571f1ea17037ef92b91efb74fa6	2026-08-14
TNFAIP3	TNFAIP3	HGNC:11896	7128	ENSG00000118503	current_symbol	8883dea5fb60ce9a87cef179b941b21c22098571f1ea17037ef92b91efb74fa6	2026-08-14
TNFRSF18	TNFRSF18	HGNC:11914	8784	ENSG00000186891	current_symbol	8883dea5fb60ce9a87cef179b941b21c22098571f1ea17037ef92b91efb74fa6	2026-08-14
TNFRSF1A	TNFRSF1A	HGNC:11916	7132	ENSG00000067182	current_symbol	8883dea5fb60ce9a87cef179b941b21c22098571f1ea17037ef92b91efb74fa6	2026-08-14
TNFRSF1B	TNFRSF1B	HGNC:11917	7133	ENSG00000028137	current_symbol	8883dea5fb60ce9a87cef179b941b21c22098571f1ea17037ef92b91efb74fa6	2026-08-14
TNFRSF25	TNFRSF25	HGNC:11910	8718	ENSG00000215788	current_symbol	8883dea5fb60ce9a87cef179b941b21c22098571f1ea17037ef92b91efb74fa6	2026-08-14
TNFRSF4	TNFRSF4	HGNC:11918	7293	ENSG00000186827	current_symbol	8883dea5fb60ce9a87cef179b941b21c22098571f1ea17037ef92b91efb74fa6	2026-08-14
TNFRSF8	TNFRSF8	HGNC:11923	943	ENSG00000120949	current_symbol	8883dea5fb60ce9a87cef179b941b21c22098571f1ea17037ef92b91efb74fa6	2026-08-14
TNFRSF9	TNFRSF9	HGNC:11924	3604	ENSG00000049249	current_symbol	8883dea5fb60ce9a87cef179b941b21c22098571f1ea17037ef92b91efb74fa6	2026-08-14
TNIP1	TNIP1	HGNC:16903	10318	ENSG00000145901	current_symbol	8883dea5fb60ce9a87cef179b941b21c22098571f1ea17037ef92b91efb74fa6	2026-08-14
TOP2A	TOP2A	HGNC:11989	7153	ENSG00000131747	current_symbol	8883dea5fb60ce9a87cef179b941b21c22098571f1ea17037ef92b91efb74fa6	2026-08-14
TRAC	TRAC	HGNC:12029	28755	ENSG00000277734	current_symbol	8883dea5fb60ce9a87cef179b941b21c22098571f1ea17037ef92b91efb74fa6	2026-08-14
TRAF1	TRAF1	HGNC:12031	7185	ENSG00000056558	current_symbol	8883dea5fb60ce9a87cef179b941b21c22098571f1ea17037ef92b91efb74fa6	2026-08-14
TRAT1	TRAT1	HGNC:30698	50852	ENSG00000163519	current_symbol	8883dea5fb60ce9a87cef179b941b21c22098571f1ea17037ef92b91efb74fa6	2026-08-14
TRDC	TRDC	HGNC:12253	28526	ENSG00000211829	current_symbol	8883dea5fb60ce9a87cef179b941b21c22098571f1ea17037ef92b91efb74fa6	2026-08-14
TSPAN32	TSPAN32	HGNC:13410	10077	ENSG00000064201	current_symbol	8883dea5fb60ce9a87cef179b941b21c22098571f1ea17037ef92b91efb74fa6	2026-08-14
TXK	TXK	HGNC:12434	7294	ENSG00000074966	current_symbol	8883dea5fb60ce9a87cef179b941b21c22098571f1ea17037ef92b91efb74fa6	2026-08-14
TYMS	TYMS	HGNC:12441	7298	ENSG00000176890	current_symbol	8883dea5fb60ce9a87cef179b941b21c22098571f1ea17037ef92b91efb74fa6	2026-08-14
UBE2C	UBE2C	HGNC:15937	11065	ENSG00000175063	current_symbol	8883dea5fb60ce9a87cef179b941b21c22098571f1ea17037ef92b91efb74fa6	2026-08-14
VNN2	VNN2	HGNC:12706	8875	ENSG00000112303	current_symbol	8883dea5fb60ce9a87cef179b941b21c22098571f1ea17037ef92b91efb74fa6	2026-08-14
XIAP	XIAP	HGNC:592	331	ENSG00000101966	current_symbol	8883dea5fb60ce9a87cef179b941b21c22098571f1ea17037ef92b91efb74fa6	2026-08-14
ZBED2	ZBED2	HGNC:20710	79413	ENSG00000177494	current_symbol	8883dea5fb60ce9a87cef179b941b21c22098571f1ea17037ef92b91efb74fa6	2026-08-14
ZBTB16	ZBTB16	HGNC:12930	7704	ENSG00000109906	current_symbol	8883dea5fb60ce9a87cef179b941b21c22098571f1ea17037ef92b91efb74fa6	2026-08-14
ZNF683	ZNF683	HGNC:28495	257101	ENSG00000176083	current_symbol	8883dea5fb60ce9a87cef179b941b21c22098571f1ea17037ef92b91efb74fa6	2026-08-14
