p_val,avg_log2FC,pct.1,pct.2,p_val_adj,cluster,gene
4.04005192478989e-206,2.35057170762232,0.712,0.434,0.0000000000000000000000000000000000000000000000000000000000000000000000000000000000000000000000000000000000000000000000000000000000000000000000000000000000000000000000000000000000000000000000000000000000104637344852058,0,LGALS3
0.0000000000000139615070556139,2.01737207418782,0.294,0.246,0.000000000003616030327404,0,BCL11B
0.0000000000000000780599342102375,1.79008206673968,0.383,0.353,0.0000000000000202175229604515,0,IFNGR1
0.000000169287622808695,1.77367600380522,0.462,0.522,0.0000438454943074521,0,EGR1
0.000000000000000000000000000000000000000000000000000000000000000000000000000000000000000000000000000000000000000000000000000000000000000000000104998634645536,1.74822881337849,0.774,0.745,0.0000000000000000000000000000000000000000000000000000000000000000000000000000000000000000000000000000000000000000000000000000000000000000000271946463731938,0,CD247
0.000000000000000000000000000000000000000000000000000651518326715302,1.39174074339132,0.61,0.498,0.000000000000000000000000000000000000000000000000168743246619263,0,PIK3IP1
0.000000970068281907166,1.31281556944854,0.16,0.237,0.000251247685013956,0,CXCL8
0.0000655437276481657,1.30758443523489,0.165,0.231,0.0169758254608749,0,KLRB1
0.000000000000000000000000000000000000000000000000000000000000000000000000000000000000000000000000000000000000471810674568184,1.21756648665402,0.856,0.899,0.00000000000000000000000000000000000000000000000000000000000000000000000000000000000000000000000000000000012219896471316,0,CLEC2D
0.000000000000000000000000000000000000000000000000000000122743431534306,1.15656376494179,0.698,0.633,0.0000000000000000000000000000000000000000000000000000317905487673852,0,CD69
0.00180325268865957,1.12681986655302,0.361,0.377,0.467042446362829,0,KLRC1
0.00000126756547626641,1.10729805867882,0.514,0.59,0.000328299458353001,0,CD8A
0.0000000000000000000000000000000000000000000000000000000000000000000000000000397213571506329,1.09797842593034,0.86,0.828,0.0000000000000000000000000000000000000000000000000000000000000000000000000102878315020139,0,CXCR4
0.00000000000000000000296560368334974,1.08850379851872,0.607,0.669,0.000000000000000000768091353987583,0,FYB
0.00000000000000000000000000000000000000000000000000000000000000000000000000000000280368644072325,1.07923659600264,0.847,0.913,0.000000000000000000000000000000000000000000000000000000000000000000000000000000726154788147322,0,NAMPT
0.00000000000000000000000000000000000000907208724671844,1.05116782897947,0.119,0.314,0.00000000000000000000000000000000000234967059690008,0,HLA-DRB3
0.0000000000000000000000000000000000000000000000000000000137925225773963,1.01514428902705,0.798,0.757,0.00000000000000000000000000000000000000000000000000000357226334754564,0,LAP3
0.000000174004449230877,1.00247929727758,0.383,0.368,0.0000450671523507972,0,GIMAP2
0.0000000000000000000000000000000000000000000000000000000000000000000000000000000000000000000000000000180701709753258,0.989077781769197,0.914,0.929,0.00000000000000000000000000000000000000000000000000000000000000000000000000000000000000000000000000468017428260938,0,CD48
0.0000000000212250888558046,0.964369151356415,0.617,0.704,0.0000000054972980136534,0,ITGAE
0,1.4264346819485,0.99,0.805,0,1,CD4
0.0000000000000000000000000000000000000000000905884153478321,1.28758652020957,0.33,0.175,0.0000000000000000000000000000000000000000234623995750885,1,TNFRSF4
0.0000000000000000000119523082865749,1.21919622630789,0.128,0.059,0.00000000000000000309564784622289,1,CHI3L2
0.0000000000000000000000000000000000000000000000000000000000012590251003275,1.16079673347546,0.803,0.673,0.000000000000000000000000000000000000000000000000000000000326087500984822,1,LAG3
0.000000111424346551528,1.15821871362933,0.107,0.068,0.0000288589057568459,1,FOXP1
0.000000000000000000000000000000000000000000000000000000000000000000000000000000000000000000000000000000000000000000000000196857010374787,1.03366836071133,0.901,0.746,0.0000000000000000000000000000000000000000000000000000000000000000000000000000000000000000000000000000000000000000000000509859656870699,1,STAT3
0.000000000000000000000012986451837722,1.01324824884103,0.335,0.224,0.00000000000000000000336349102596999,1,TNFRSF18
0.0000000000000000000000000000000000000000000000000000000000000000478451576532033,0.966512855012968,0.897,0.783,0.0000000000000000000000000000000000000000000000000000000000000123918958321797,1,FOSB
0,0.93374142434541,1,1,0,1,GAPDH
0.00000000000000000000295037703098305,0.897417170000155,0.614,0.544,0.000000000000000000764147651024609,1,PASK
0.0000000000000000000000000000000000000000000000000000000000000000000000000000000000000000000000000000000000000000000000000000000000000000000000000000000000000000000000000000000000272877798048132,0.83189135309958,1,0.981,0.00000000000000000000000000000000000000000000000000000000000000000000000000000000000000000000000000000000000000000000000000000000000000000000000000000000000000000000000000000000706753496944663,1,BTG1
0.000000000000000000000000000000000000000000000000000000000000000000000000000000000000000000000000000000000000000000000000000000000000000333578332473101,0.799310001863391,0.979,0.836,0.0000000000000000000000000000000000000000000000000000000000000000000000000000000000000000000000000000000000000000000000000000000000000863967881105332,1,CD5
0.0000409542016433848,0.734942203968587,0.483,0.468,0.0106071382256367,1,IL23R
0.0000000000000000000000000000000139737068350028,0.725485467177927,0.518,0.376,0.00000000000000000000000000000361919007026572,1,BCL2
0.000000000000000000000000000000000000000000000000689985319337943,0.713841678400201,0.794,0.67,0.000000000000000000000000000000000000000000000178706197708527,1,PMCH
0.00000000000000000000000000000000000000000000000000000000000000000117007012192192,0.692509845940823,0.861,0.715,0.000000000000000000000000000000000000000000000000000000000000000303048161577778,1,JUN
0.000000000000000000000161555802122236,0.651144663180953,0.561,0.443,0.0000000000000000000418429527496591,1,GATA3
0.000000111067713939549,0.63227314151335,0.123,0.08,0.0000287665379103432,1,TSPAN32
0.0000000000000000000000000000000000000000000000132918902728581,0.614132708037681,0.978,0.923,0.00000000000000000000000000000000000000000000344259958067024,1,TNFRSF1B
0.000000000000000000000000000000000000000000232221700898929,0.602677495865896,0.55,0.373,0.0000000000000000000000000000000000000000601454205328226,1,FOXP3
0.000000000000000000000000000000000000000000000000000000000000000000000741708656377195,3.90815763834235,0.507,0.283,0.000000000000000000000000000000000000000000000000000000000000000000192102542001694,2,CCL1
0.00000000000000000000000000000000000000000000000000000000000000000000000000000000000000000000000000000000000000000000000000000000000000000000000000000000000000000000000000000000000311783937978358,3.49643289353752,0.245,0.026,0.000000000000000000000000000000000000000000000000000000000000000000000000000000000000000000000000000000000000000000000000000000000000000000000000000000000000000000000000000000000807520399363946,2,CXCR5
0.000000000000000000000000000000000000000000000000000000000000000000000000000000000000000000000000000000000000000000000000000000000000182359764704051,2.41318225027107,0.794,0.454,0.0000000000000000000000000000000000000000000000000000000000000000000000000000000000000000000000000000000000000000000000000000000000472311790583492,2,CSF2
0.00000000000000000000000000000000000000000000000000000000000000000102919103232677,2.3728040267556,0.792,0.599,0.000000000000000000000000000000000000000000000000000000000000000266560477372632,2,LTA
0.00000000000000000000000000000000000000000000000000000000000000000000000000000000000000124877101089432,2.25212489853372,0.566,0.288,0.000000000000000000000000000000000000000000000000000000000000000000000000000000000000323431691821628,2,IL13
0.00000000000000000000000000000000000000000000000000000000000000000000000000000000000000000000000000000000000000000000000000000000000000000000987100808242937,2.04942888024077,0.59,0.232,0.00000000000000000000000000000000000000000000000000000000000000000000000000000000000000000000000000000000000000000000000000000000000000000255659109334921,2,SELL
0.000000000000000000000000000000000000000000000000000000000000000000000000983342848062352,2.03143827281699,0.252,0.074,0.000000000000000000000000000000000000000000000000000000000000000000000254685797648149,2,CCR4
0.00000000000000000000000000000000000000670027988081821,1.82783980249704,0.192,0.07,0.00000000000000000000000000000000000173537248913192,2,CCR8
0.00000000000000000000000000000000000000000000000000000000000000000000000000000110319118545154,1.82375707052024,0.53,0.261,0.000000000000000000000000000000000000000000000000000000000000000000000000000285726517031949,2,NT5E
0.0000000000000000000000000000000000000000000000000000000000000000000000000000000000000000000751373759241499,1.81542281907865,0.539,0.245,0.0000000000000000000000000000000000000000000000000000000000000000000000000000000000000000194605803643548,2,LIF
0.00000000000000000000000000000000000000000000000000000000000000000000000000000000000000000000000000000000000000000423456424785514,1.66561793398708,0.579,0.249,0.00000000000000000000000000000000000000000000000000000000000000000000000000000000000000000000000000000000000000109675214019448,2,S1PR1
0.000000000000000000000000000000000000000000000000000000000000000000000000000000000000000000000000000000000000000000000000000000000000000000283423475806312,1.62446574227063,0.857,0.56,0.0000000000000000000000000000000000000000000000000000000000000000000000000000000000000000000000000000000000000000000000000000000000000000734066802338347,2,CD9
0.0000000000000000000000000000000000000000000000000000000000000000000000000000000000000000000000000239752070706311,1.55501178562935,0.448,0.167,0.00000000000000000000000000000000000000000000000000000000000000000000000000000000000000000000000620957863129345,2,TNFRSF4
0.00000000000000000000000000000000000727709790271819,1.47362863025264,0.101,0.024,0.00000000000000000000000000000000188476835680401,2,BTLA
0.00000000000000000000000000000000000000000000000000000000000000000000000000000000000000000000482465926896783,1.42620544864932,0.709,0.407,0.00000000000000000000000000000000000000000000000000000000000000000000000000000000000000000124958675066267,2,CCNB1
0.000000000000000000000000000000000000000000000000000000000000000000000000000000000000000000000000000000000000000000000000000000000000000000000000000000000000000000000000000000000000000000000000000000000000771315450978993,1.35238261787819,0.98,0.883,0.000000000000000000000000000000000000000000000000000000000000000000000000000000000000000000000000000000000000000000000000000000000000000000000000000000000000000000000000000000000000000000000000000000000199770701803559,2,IL2RA
0.000000000000000000000000000000000000000000000000000106477322835444,1.35057422270973,0.583,0.353,0.00000000000000000000000000000000000000000000000002757762661438,2,ZBED2
0.0000000000000000000000000000000000000000000000000000000000000000000000000000000000000000000000000000000000000000000000000000000000000000000000000000000000360324587031198,1.32021047009074,0.969,0.773,0.00000000000000000000000000000000000000000000000000000000000000000000000000000000000000000000000000000000000000000000000000000000000000000000000000000000933240680410802,2,ICOS
0.000000000000000000000000000000000000000000000000000000000000000000000000000000000000000000000000000077333129816715,1.30939769862005,0.688,0.367,0.0000000000000000000000000000000000000000000000000000000000000000000000000000000000000000000000000200292806225292,2,PYCR1
0.00000000000000000000000000000000000000000000000000000000000000000000000000000000000000000000000000000000000000000000000000000000000000000000000000000000000000000291603088418105,1.29329826409037,0.953,0.711,0.000000000000000000000000000000000000000000000000000000000000000000000000000000000000000000000000000000000000000000000000000000000000000000000000000000000000000755251999002893,2,CD70
0.0000000000000000000000000000000000000000000000000000000000000000000000000000000000000000000000000000000000000000000000000000000000000000000000000000000000000000000101644893096874,2.02851264824328,0.779,0.392,0.00000000000000000000000000000000000000000000000000000000000000000000000000000000000000000000000000000000000000000000000000000000000000000000000000000000000000000263260273120904,3,CXCR6
0.00000000000000000000000000000000000000236072477313772,1.99381458280941,0.169,0.053,0.000000000000000000000000000000000000611427716242669,3,CCR2
0.00000000000000000000000000000000000000000000000000000000000000000000740118523202885,1.56268313607741,0.502,0.245,0.00000000000000000000000000000000000000000000000000000000000000000191690697509547,3,LTB
0.00000000000000000000000000000000000000000000000000000000000000000000350162018667671,1.3814138048157,0.514,0.254,0.000000000000000000000000000000000000000000000000000000000000000000906919628349267,3,LIF
0.0000000000000000000000000105335051406646,1.34264211051683,0.532,0.39,0.00000000000000000000000272817783143214,3,FOXP3
0.000000000000000000000000000000000000000759057605162984,1.30088847619309,0.416,0.223,0.000000000000000000000000000000000000196595919737213,3,TNFRSF18
0.00000000000000000000000000000000000000000000000000000000000000000000000000000000000000155039772257195,1.25515945834983,0.66,0.336,0.000000000000000000000000000000000000000000000000000000000000000000000000000000000000401553010146136,3,CD40LG
0.0000000000000000000000000000000000000000000000000000000000000000513632126357753,1.19827463260097,0.663,0.406,0.0000000000000000000000000000000000000000000000000000000000000133030720726658,3,LAT2
0.00000000000000000488622883169257,1.17216443741732,0.239,0.133,0.00000000000000126553326740837,3,CCR1
0.000000000000000000000000000000549401055025304,1.13443995762019,0.374,0.209,0.000000000000000000000000000142294873251554,3,CCR5
0.000000000000000000000000000000000000000000000000000179947017473841,0.946935997061656,0.985,0.893,0.0000000000000000000000000000000000000000000000000466062775257247,3,CCL3
0.000000000000000000000000000000000000000000000000000000000000000000000000000000000000000375566490669851,0.889593439090303,0.999,0.992,0.0000000000000000000000000000000000000000000000000000000000000000000000000000000000000972717210834914,3,GZMB
0.00000000000025425086231431,0.870643999878388,0.155,0.08,0.0000000000658509733394064,3,TSPAN32
0.000000000000000000000000000000000000000000000000000000000000000000000000000000000000000000000000000000000000000000000000000000000000000000000000000248383498986799,0.825730240667766,1,0.986,0.0000000000000000000000000000000000000000000000000000000000000000000000000000000000000000000000000000000000000000000000000000000000000000000000000643313262375809,3,IL2RB
0.00000000000000000000000000000000000000000000000000000000000000000000200891235655824,0.819173651870273,0.936,0.817,0.000000000000000000000000000000000000000000000000000000000000000000520308300348584,3,PRF1
0.000000000000000000000000000000000000000000000000000000000000000000000000000000000000100241060007785,0.813772605864672,0.933,0.685,0.0000000000000000000000000000000000000000000000000000000000000000000000000000000000259624345420163,3,IER3
0.000000000000000000000000000000000000000000000000000000000000000623664727086183,0.78751176437936,0.912,0.695,0.000000000000000000000000000000000000000000000000000000000000161529164315321,3,BIN2
0.0000000000000000000000000000000000000000000000000131090087357435,0.780606551460627,0.91,0.769,0.00000000000000000000000000000000000000000000000339523326255757,3,LAIR2
0.0000000000000000000000000212480240854843,0.741108348764512,0.612,0.447,0.00000000000000000000000550323823814043,3,IL18R1
0.000000000000000000000000000000000132747280141091,0.717588098151682,0.641,0.441,0.0000000000000000000000000000000343815455565425,3,C10orf54
0.000000000000000000000000000000000000000000000000000000000000000000000000000000000000000000000000000000000000000000000000000000000000306531199212988,3.35085774642369,0.234,0.032,0.0000000000000000000000000000000000000000000000000000000000000000000000000000000000000000000000000000000000000000000000000000000000793915805961639,4,ZNF683
0.000000000000000000000000000000000000000000000000000000000000000000000000000000000000000000000000000000000000000000000000000000000000000000000000000000000000263635105706186,3.33215358016778,0.484,0.137,0.0000000000000000000000000000000000000000000000000000000000000000000000000000000000000000000000000000000000000000000000000000000000000000000000000000000000682814923779021,4,GZMH
0,2.80561445936053,0.923,0.238,0,4,CD8B
0,2.6787759188797,0.988,0.525,0,4,CD8A
0.0000000000000000000000000000000000000727461224832777,2.16956912717129,0.167,0.052,0.0000000000000000000000000000000000188412457231689,4,GZMK
0.0000000000000000000000000000000000000000000000000000000000000000000000000000000000000000000000000000000000000000000608450036931399,2.05359022152005,0.371,0.095,0.0000000000000000000000000000000000000000000000000000000000000000000000000000000000000000000000000000000000000000157588559565232,4,PECAM1
6.96042532887131e-271,1.93541829078293,0.996,0.827,1.80275016017767e-268,4,NKG7
3.43921004595592e-243,1.69320789504178,0.928,0.408,8.90755401902583e-241,4,KLRK1
0.00000000000000000000000000000000000000000000000000000000000000000000000000000000000000000000000000000000000000000000000000000000000000000000000000000101107193228108,1.67483681708535,0.649,0.233,0.0000000000000000000000000000000000000000000000000000000000000000000000000000000000000000000000000000000000000000000000000000000000000000000000000002618676304608,4,CD244
0.00000000000000000000000000000000000000000000000000000000305442581039011,1.6097153984063,0.329,0.123,0.00000000000000000000000000000000000000000000000000000079109628489104,4,CCR1
0.00000000000000000000000000000000000000000000000000000000000000000000000000000229848334964387,1.49600361476721,0.482,0.197,0.000000000000000000000000000000000000000000000000000000000000000000000000000595307187557761,4,CCR5
0.0000000000000000000000000000000000000000000000000000000000000000000000000000000000000000000000000000000000000000000000000000000000000000000000000000000000000000000000000000000000000000000000000000927290614962082,1.34884623433454,0.996,0.839,0.0000000000000000000000000000000000000000000000000000000000000000000000000000000000000000000000000000000000000000000000000000000000000000000000000000000000000000000000000000000000000000000000000240168269275179,4,CTSW
0.000000000000000000000000000000000000000000000000000000000000000000000301501486229616,1.25079134399233,0.546,0.261,0.0000000000000000000000000000000000000000000000000000000000000000000780888849334705,4,CD27
0.0000000000000000000000000000000000000000000631294749496379,1.19492772650236,0.316,0.134,0.0000000000000000000000000000000000000000163505340119562,4,KLRC3
0.0000000000000000000000000000410154908823652,1.10131556854413,0.252,0.114,0.0000000000000000000000000106230121385326,4,FASLG
0.000000000000000000000000000000000000000000000000000000000000000000000000000000000000000000000000000000000000000000000000000000000000004039792592227,0.99213148664848,0.999,0.97,0.00000000000000000000000000000000000000000000000000000000000000000000000000000000000000000000000000000000000000000000000000000000000104630628138679,4,GZMA
0.00000000000000000000000000000000000000000000000000000000000000198520519922561,0.868420672700531,0.793,0.527,0.000000000000000000000000000000000000000000000000000000000000514168146599434,4,NCR3
0.000000000000000000000000148203879468124,0.823401148696001,0.425,0.256,0.0000000000000000000000383848047822442,4,LTB
0.000000000000000000000000000000000000000000000000000000000000000000000000000000000396429781611138,0.820535655369481,0.999,0.992,0.000000000000000000000000000000000000000000000000000000000000000000000000000000102675313437285,4,GZMB
0.00000000000000000000000000000496401394788939,0.747719595360933,0.262,0.118,0.00000000000000000000000000128567961250335,4,VNN2
0,4.35696972441538,0.972,0.347,0,5,TRDC
7.42644013998615e-241,2.66572965992376,0.968,0.516,1.92344799625641e-238,5,TARP-refseq
0.000000000000000000000000000000000000000000000000000000000000000000000000199795134381952,2.0914473546947,0.357,0.106,0.0000000000000000000000000000000000000000000000000000000000000000000000517469398049255,5,PECAM1
0.000000000000000000000000000000000000000000470202645408839,1.98574949309312,0.422,0.205,0.000000000000000000000000000000000000000121782485160889,5,CXCL8
0.0000000000000000000000000000000000000000000000839987950187049,1.95939983089912,0.189,0.046,0.0000000000000000000000000000000000000000000217556879098446,5,ZBTB16
0.0000000000000000000000702689026208,1.88753729199756,0.132,0.042,0.0000000000000000000181996457787872,5,CD300A
0.00000000000000000000000000000000000000000000000000000000000000000000000308170418942294,1.7894505883618,0.457,0.166,0.000000000000000000000000000000000000000000000000000000000000000000000798161385060541,5,IKZF2
0.00000000000039084486310916,1.76716198988386,0.109,0.043,0.000000000101228819545272,5,TNFRSF9
0.000000000000000000000000000000000000000000000000000000000000000000000000000000000000000000000000000000000000000000000000000000000000000130184591696261,1.68377222677436,0.98,0.834,0.0000000000000000000000000000000000000000000000000000000000000000000000000000000000000000000000000000000000000000000000000000000000000337178092493315,5,NKG7
0.00000000000000000000000000000000000000000000000000000000000000000000000000000000000000000000000000000000000411495565776884,1.61353723481741,0.873,0.529,0.00000000000000000000000000000000000000000000000000000000000000000000000000000000000000000000000000000000106577351536213,5,NCR3
0.00000000000000000000000000000000000000000000000000000000000000000000000000000000000000000000000000000000049662851482126,1.59240515290161,0.739,0.343,0.000000000000000000000000000000000000000000000000000000000000000000000000000000000000000000000000000000128626785338706,5,KLRC1
0.000000000000000000000000000000000000000000000000000000000000000000000000000000305576601000758,1.57813690118503,0.593,0.251,0.0000000000000000000000000000000000000000000000000000000000000000000000000000791443396591963,5,CD244
0.0000000000000000000000000000782106559658601,1.50550170120532,0.173,0.055,0.0000000000000000000000000202565598951578,5,GZMK
0.0000000000000000000119736678239985,1.42432899333947,0.131,0.044,0.00000000000000000310117996641562,5,KLRG1
0.00000000000000000000000000000000000000000000000000549299600665006,1.31755316325217,0.369,0.135,0.00000000000000000000000000000000000000000000000142268596572237,5,KLRC3
0.00000000000000000000000000000000000000000000536061050621268,1.26915808754906,0.342,0.128,0.00000000000000000000000000000000000000000138839812110908,5,CCR1
0.0000000000000000000000000000000000000000000000000000000000000000000000000000000000000000000000000000000000539875182826971,1.17893443592687,0.866,0.43,0.0000000000000000000000000000000000000000000000000000000000000000000000000000000000000000000000000000000139827672352186,5,KLRK1
0.000000000000000000000384045014329336,1.16518975200329,0.915,0.879,0.0000000000000000000994676587112981,5,CCL4
0.0000000000000000000000000183054313641371,1.12486068988884,0.946,0.9,0.0000000000000000000000047411067233115,5,CCL3
0.000000000000000000000000000000000000000000000000000265522394515113,1.05106978741525,1,0.992,0.0000000000000000000000000000000000000000000000000687703001794143,5,GZMB
3.4236858070142e-236,2.58223775007624,0.99,0.587,8.86734624016679e-234,6,TK1
0.0000000000000000000000000000000832621036422229,2.13327040841438,0.197,0.062,0.0000000000000000000000000000215648848433357,6,CHI3L2
0.000000000000000000000000171953591327838,2.13236979178,0.116,0.03,0.0000000000000000000000445359801539101,6,CXCL13
0.0000000000000000000000000000000000000000000000000000000000000000000000000000000000000000000000000000000000000000000000000000000000000000000000000429799220519549,1.9904760856392,0.845,0.362,0.0000000000000000000000000000000000000000000000000000000000000000000000000000000000000000000000000000000000000000000000000000000000000000000000111317998114563,6,MKI67
0.0000000000000000000000000000000000000000000000000000000000000000000000000000000000000000000000000000000000000000000000000000000487120839124507,1.47794512225582,0.939,0.484,0.0000000000000000000000000000000000000000000000000000000000000000000000000000000000000000000000000000000000000000000000000000126164297333247,6,AURKB
0.00000000000000000206037933152046,1.46531976151334,0.172,0.068,0.000000000000000533638246863799,6,FOXP1
0.0000000000000000000000000000000000000000000000000000000000000000000000000000000000000000000000000000000000000000000000000000000000720922752017825,1.33792678100789,0.983,0.629,0.0000000000000000000000000000000000000000000000000000000000000000000000000000000000000000000000000000000000000000000000000000000186718992772617,6,TOP2A
0.000000000000000000000000000000000000000000000000000000000000000000000000000000000000000000000000000000000000000000158479738652681,1.20725245398167,0.964,0.576,0.0000000000000000000000000000000000000000000000000000000000000000000000000000000000000000000000000000000000000000410462523110443,6,UBE2C
0.0000000000000000000000000000000000000000000000000000000000000000000000000000000000000000000000000000000000000000000000000000000000185108264936554,1.20708246182209,1,0.946,0.00000000000000000000000000000000000000000000000000000000000000000000000000000000000000000000000000000000000000000000000000000000479430406185676,6,HMGB2
0.0000000000000000000000000000000000000000000000000000000000000000000000000000000000000000000000000000000000000000209504620221299,1.18058773647247,0.998,0.863,0.00000000000000000000000000000000000000000000000000000000000000000000000000000000000000000000000000000000000000542616966373164,6,TYMS
0.000000000000000000000000000000000000000114291916916891,1.10329313691267,0.914,0.73,0.0000000000000000000000000000000000000296016064814747,6,CD70
0.0000000000000000000000000000000000000000000000000000000000000000000000000000000004178400780808,1.04370716496905,0.998,0.955,0.000000000000000000000000000000000000000000000000000000000000000000000000000000108220580222927,6,IER5
0.000000000000000316998163084785,1.02106584777513,0.588,0.462,0.0000000000000821025242389593,6,IL23R
0.000000000000000000000000000000000000000000000000376041712320414,0.906410145950008,0.897,0.731,0.0000000000000000000000000000000000000000000000973948034909871,6,JUN
0.0000000000000000000000000000749381478925261,0.882461375104928,0.548,0.307,0.0000000000000000000000000194089803041643,6,HMMR
0.0000000000000000000002456150000125,0.810452352495385,0.649,0.459,0.0000000000000000000636142850032374,6,PTTG2
0.00000000000000000000000000000000000000000000000000109543472741066,0.808429286247103,0.96,0.825,0.00000000000000000000000000000000000000000000000028371759439936,6,CXCR4
0.000000000000000000000163901743476736,0.778583620470841,0.706,0.534,0.0000000000000000000424505515604745,6,FAS
0.000000000124844198709426,0.727794798066799,0.447,0.315,0.0000000323346474657414,6,CCR7
0.0000000000000000000000000000000000000000000000000000000366634266593436,0.716365490486338,0.987,0.828,0.00000000000000000000000000000000000000000000000000000949582750477,6,CD4
0.00000000000000000000000000000000000000000000000000000000000000000000000000000000000000000000000000000000000000000000000000000000000000000000000000133944356719576,2.09133069311487,0.916,0.367,0.000000000000000000000000000000000000000000000000000000000000000000000000000000000000000000000000000000000000000000000000000000000000000000000000346915883903703,7,MKI67
0.0000000000000000000000000000000000000000000000000000000000000000000000000000000000000000000000000000000000000000000000000000000000320167337542351,1.76988614545547,0.987,0.635,0.00000000000000000000000000000000000000000000000000000000000000000000000000000000000000000000000000000000000000000000000000000000829233404234688,7,TOP2A
0.00000000000000000000000000000000000000000000000000000000000000000000000000000000000000000000000000000000000000000000000000000000000568087790419838,1.7235372654515,0.972,0.491,0.00000000000000000000000000000000000000000000000000000000000000000000000000000000000000000000000000000000000000000000000000000000147134737718738,7,AURKB
0.00000000000000000000000000000000000000000000000000000000000000000000000000000000000000000000000000000000000000000000136404407414781,1.61669875611818,0.972,0.583,0.000000000000000000000000000000000000000000000000000000000000000000000000000000000000000000000000000000000000000000353287415204284,7,UBE2C
0.00000000000000000000000000000000000000000000000000000000000000000000000000000000000000000000000000000000000000000000000000000628853210502429,1.52311183210688,1,0.947,0.00000000000000000000000000000000000000000000000000000000000000000000000000000000000000000000000000000000000000000000000000162872981520129,7,HMGB2
0.00000000000000000000000000000000000000000000000000000000000000000361162568359317,1.42603635580706,0.808,0.427,0.00000000000000000000000000000000000000000000000000000000000000093541105205063,7,CCNB1
0.00000000000000000000000000000000000000000000000000000000000000000000000000441840904473819,1.31047074839901,0.737,0.301,0.00000000000000000000000000000000000000000000000000000000000000000000000114436794258719,7,HMMR
0.000000000000000000000000000000000000000000000000000000000000243174759113051,1.29089584561263,0.742,0.352,0.0000000000000000000000000000000000000000000000000000000000629822626102802,7,CD40LG
0.000000000000000000000000000000000000000754330624009924,1.23032675771544,0.708,0.42,0.00000000000000000000000000000000000019537163161857,7,LAT2
0.00000000000000000000000000000000000000000000000000193909231825658,1.10167565658316,0.928,0.701,0.000000000000000000000000000000000000000000000000502224910428454,7,IER3
0.00000000000000000000000000276094527040822,1.07372962313799,0.445,0.216,0.000000000000000000000000715084825035729,7,CCR5
0.0000000000000000000000000000000000000000000000000000000000000000000051061797665011,1.00742999815304,0.995,0.865,0.00000000000000000000000000000000000000000000000000000000000000000132250055952379,7,TYMS
0.000000000000496834894039038,0.999036372122918,0.269,0.138,0.000000000128680237556111,7,CCR1
0.00000000000432961265302844,0.980020653636875,0.151,0.061,0.00000000112136967713436,7,CCR2
0.00000000000000000320994822808368,0.974742855917351,0.404,0.222,0.000000000000000831376591073674,7,IL9R
0.0000000000000000000000000000000000001986715927051,0.895604179189637,0.734,0.42,0.0000000000000000000000000000000000514559425106209,7,CXCR6
0.0000000000000000000000000000000000000000000000000000000000013598802298297,0.868659066628393,0.99,0.91,0.000000000000000000000000000000000000000000000000000000000352208979525892,7,ENTPD1
0.00000000000318687802715805,0.853547213382414,0.317,0.178,0.000000000825401409033935,7,IL18RAP
0.00000000000000000000000000000000000000000000121028802928155,0.810639282003452,0.987,0.867,0.000000000000000000000000000000000000000000313464599583923,7,ARL4C
0.000000000000000000000805180462481732,0.800473933835038,0.688,0.46,0.000000000000000000208541739782769,7,PTTG2
0.00000000000000000000000000000000000000000000000000000000000000000000000000000000000000000000000000000000000000000000000000000000000000000000000000000000000000160221856223863,6.90837975170357,0.68,0.183,0.000000000000000000000000000000000000000000000000000000000000000000000000000000000000000000000000000000000000000000000000000000000000000000000000000000000000414974607619804,8,IL9
0,4.70771363345311,0.889,0.093,0,8,TNFRSF8
0.000000000000000000000000000000000000000000000000000000000000000000000000000000000000000000000000000000000000000000000000059136557772669,3.66894361991199,0.165,0.009,0.0000000000000000000000000000000000000000000000000000000000000000000000000000000000000000000000000000000000000000000000153163684631213,8,IL12A
2.66625368860561e-228,2.861217025173,0.941,0.292,6.90559705348852e-226,8,CCR7
0.000000000000000000000000000000000000000000000000000000000000000000000000000000000000000000000000000000000000000000613969018359621,2.72064327928643,0.227,0.021,0.000000000000000000000000000000000000000000000000000000000000000000000000000000000000000000000000000000000000000159017975755142,8,CX3CR1
0.000000000000000000000000000000000000000000000000000000000000000000000000000000000000000000000000000000000000000000000000000000000000000000000000000000000000000000000000000000000000000000000000000054083926937244,2.5614231158682,0.667,0.121,0.0000000000000000000000000000000000000000000000000000000000000000000000000000000000000000000000000000000000000000000000000000000000000000000000000000000000000000000000000000000000000000000000000140077370767462,8,AIM2
0.000000000000000000000000000000000000000000000000000000000000000000000000000000000000000000000000000000000000000000000000000000000000000000000000000000000000000000000000000000000000000000000000191675925010421,2.49575222012297,0.956,0.38,0.000000000000000000000000000000000000000000000000000000000000000000000000000000000000000000000000000000000000000000000000000000000000000000000000000000000000000000000000000000000000000000000049644064577699,8,PYCR1
0.000000000000000000000000000000000000000000000000000000000000000000000000000000000000000000000000000000000000000000000000000000000000000000000000000000000000000000000000000000000000000000000000000000057780742280422,2.36683557520008,1,0.851,0.0000000000000000000000000000000000000000000000000000000000000000000000000000000000000000000000000000000000000000000000000000000000000000000000000000000000000000000000000000000000000000000000000000149652122506293,8,HLA-DPA1
0.0000000000000000000000000000000000000000000000000000000000000000000000000000000359851097326879,2.33390860568673,0.251,0.037,0.00000000000000000000000000000000000000000000000000000000000000000000000000000932014342076617,8,TNFRSF9
0.000000000000000000000000000000000000000000000000000000000000000000000000000000000000000000000000000000000000000000000000115433358927447,2.30571451698947,0.307,0.037,0.0000000000000000000000000000000000000000000000000000000000000000000000000000000000000000000000000000000000000000000000298972399622088,8,KLRG1
0.00000000000000000000000000000000000000000000000000000000000744832940031755,2.23520451760998,0.155,0.019,0.00000000000000000000000000000000000000000000000000000000192911731468225,8,EOMES
0.0000000000000000000000000000000000000000000000000196264693574141,2.07805432507572,0.233,0.05,0.00000000000000000000000000000000000000000000000508325556357026,8,IL5
0.0000000000000000000000000000000000000000000000000000000000000000000000000000000000000000000000000000000000000000000000000000000000000000000000000000000000000820396912609209,2.05144476692786,0.496,0.076,0.0000000000000000000000000000000000000000000000000000000000000000000000000000000000000000000000000000000000000000000000000000000000000000000000000000000000212482800365785,8,CCR4
0.000000000000000000000000000000000000000000000000000000000000000000000000000000000000000000000000000000000000000000000000000000000000000000000000000000000000000154836206619549,2.04369698449099,0.951,0.398,0.0000000000000000000000000000000000000000000000000000000000000000000000000000000000000000000000000000000000000000000000000000000000000000000000000000000000000401025775144632,8,HLA-DMB
0.0000000000000000000000000000000000000000000000000000000000000000000000000000000000000000000000000000000000000000000000000000000000000000000000000000000000000000000847153765428645,2.01681326993091,0.995,0.682,0.0000000000000000000000000000000000000000000000000000000000000000000000000000000000000000000000000000000000000000000000000000000000000000000000000000000000000000219412825246019,8,HLA-DQA1
0.00000000000000000000000000000000000000000000000000000000000000000000000000000000000000000000000000000000000000000000000000000000119546196291876,1.92487780088412,0.928,0.421,0.000000000000000000000000000000000000000000000000000000000000000000000000000000000000000000000000000000000000000000000000000000309624648395958,8,CCNB1
0.0000000000000000000000000000000000000000000000000000000000000000000000000000000000000000000015954569011429,1.90269204262228,0.375,0.07,0.000000000000000000000000000000000000000000000000000000000000000000000000000000000000000000413223337396011,8,CCR8
0.00000000000000000000000000000000000000000000000000000000000000000000000000000000000000000000000000000000000000000000000000000126070712529616,1.8739410060138,0.86,0.357,0.000000000000000000000000000000000000000000000000000000000000000000000000000000000000000000000000000000000000000000000000000326523145451705,8,ZBED2
0.0000000000000000000000000000000000000000000000000000000000000000000000000000000000000000000000000000000000000000000015032553520339,1.76731133013991,0.817,0.297,0.000000000000000000000000000000000000000000000000000000000000000000000000000000000000000000000000000000000000000000389343136176781,8,HMMR
0.0000000000000000000000000000000000000000000000000000000000000000000000000000000000000000000000000000000000000624136389683537,1.67247622196855,0.85,0.33,0.0000000000000000000000000000000000000000000000000000000000000000000000000000000000000000000000000000000000161651324928036,8,STAT6
2.47714461019173e-227,7.19304413089948,0.271,0.004,6.41580454039659e-225,9,TCF7
0.0000000000000000000000000000000000000000000000000000000000000000000385333533782038,4.04623913714461,0.541,0.099,0.00000000000000000000000000000000000000000000000000000000000000000998013852495479,9,IL7R
0.00000000000000000000000000000000000000000000000966627769477573,3.57948964313095,0.466,0.1,0.00000000000000000000000000000000000000000000250356592294691,9,GIMAP7
0.00000000000000000000000000000000000000000000000000000000000000000481939437397365,2.62025681280271,0.91,0.332,0.00000000000000000000000000000000000000000000000000000000000000124822314285918,9,SPOCK2
0.0000000000000000000000000000000000000150849289222452,2.57644516743149,0.692,0.267,0.00000000000000000000000000000000000390699659086151,9,LTB
0.00000128969845440483,2.22147372031766,0.15,0.056,0.000334031899690851,9,ZBTB16
0.00000000000596197672372644,2.11549720361717,0.496,0.288,0.00000000154415197144515,9,CD27
0.000000000000000000000025200362951322,1.9552643431189,0.835,0.61,0.00000000000000000000652689400439239,9,STAT1
0.00000295613306553252,1.91445940418737,0.211,0.095,0.000765638463972923,9,CCR4
0.000000000000172468797473145,1.81100727267027,0.639,0.415,0.0000000000446694185455445,9,GIMAP5
0.00000000015731809173337,1.65795766807362,0.489,0.275,0.0000000407453857589429,9,SELL
0.00010533562734005,1.62778665308567,0.203,0.104,0.027281927481073,9,TNFRSF25
0.00000000000000000000000107288770184544,1.55434154957626,0.827,0.56,0.000000000000000000000277877914777969,9,TRAT1
0.0000000000000911781655341614,1.54719408138578,0.677,0.46,0.0000000000236151448733478,9,C10orf54
0.00000000522368241461282,1.50120685261639,0.571,0.387,0.00000135293374538472,9,LEF1
0.00000128086673401827,1.49664593604352,0.481,0.321,0.000331744484110731,9,CCR7
0.00000000507014475184688,1.36670699303891,0.556,0.348,0.00000131316749072834,9,IL12RB1
0.00000000000000000000000000710365114209917,1.28560479755675,0.962,0.715,0.00000000000000000000000183984564580369,9,LAT
0.0000534749310342652,1.2743958386027,0.323,0.198,0.0138500071378747,9,TXK
0.00102956469318554,1.2072907659024,0.143,0.07,0.266657255535056,9,CHI3L2
